Document_Name,Category
30 Mental Health Affirmations for Positive Thinkin.pdf,Mental Health
9789240049338-eng.pdf,Mental Health
About Menopause.pdf,Menstruation
Anxiety and Panic.pdf,Mental Health
Borderline Personality Disorder.pdf,Mental Health
Eating Disorders.pdf,Mental Health
Depressive disorder.pdf,Mental Health
Breast pain.pdf,General Health and Nutrition
Cancer.pdf,Cancer
Heart Defects and Women.pdf,General Health and Nutrition
HUMAN DEVELOPMENT NETWORK.pdf,Fertility
menstrual cycle.pdf,Menstruation
Menstrual Hygiene.pdf,Menstruation
Ovulation pain.pdf,Fertility
Period pain.pdf,Menstruation
Period problems.pdf,Menstruation
Postpartum depression is a complex mix of physical.pdf,Mental Health
Postpartum Depression.pdf,Mental Health
Top 23 Weight Loss Tips for Women.pdf,General Health and Nutrition
What Is Breast Cancer.pdf,Cancer
What Is Cancer.pdf,Cancer
What Is Menopause.pdf,Menstruation
You and your baby at 12 weeks pregnant.pdf,Fertility
"Endometriosis_ Types, Symptoms, Causes, Treatments, and Complications.pdf",Menstruation
"Losing Weight _ Healthy Weight, Nutrition, and Physical Activity _ CDC.pdf",General Health and Nutrition
"Menstrual Cramps (Dysmenorrhea)_ Symptoms, Causes, Treatment, Prevention.pdf",Menstruation
Pregnancy Center - WebMD,Fertility
"Weight Training_ Exercises, Safety, and More",General Health and Nutrition
Food & Nutrition.pdf,General Health and Nutrition
50 Foods That Are Super Healthy.pdf,General Health and Nutrition
Menstrual Health and Hygiene.pdf,Menstruation
Menstrual Hygiene Management _ WaterAid Pakistan.pdf,Menstruation
PDFs\30 Mental Health Affirmations for Positive Thinkin.pdf,Mental Health
PDFs\9789240049338-eng.pdf,Mental Health
PDFs\About Menopause.pdf,Menstruation
PDFs\Anxiety and Panic.pdf,Mental Health
PDFs\Borderline Personality Disorder.pdf,Mental Health
PDFs\Eating Disorders.pdf,Mental Health
PDFs\Depressive disorder.pdf,Mental Health
PDFs\Breast pain.pdf,General Health and Nutrition
PDFs\Cancer.pdf,Cancer
PDFs\Heart Defects and Women.pdf,General Health and Nutrition
PDFs\HUMAN DEVELOPMENT NETWORK.pdf,Fertility
PDFs\menstrual cycle.pdf,Menstruation
PDFs\Menstrual Hygiene.pdf,Menstruation
PDFs\Ovulation pain.pdf,Fertility
PDFs\Period pain.pdf,Menstruation
PDFs\Period problems.pdf,Menstruation
PDFs\Postpartum depression is a complex mix of physical.pdf,Mental Health
PDFs\Postpartum Depression.pdf,Mental Health
PDFs\Top 23 Weight Loss Tips for Women.pdf,General Health and Nutrition
PDFs\What Is Breast Cancer.pdf,Cancer
PDFs\What Is Cancer.pdf,Cancer
PDFs\What Is Menopause.pdf,Menstruation
PDFs\You and your baby at 12 weeks pregnant.pdf,Fertility
"PDFs\Endometriosis_ Types, Symptoms, Causes, Treatments, and Complications.pdf",Menstruation
"PDFs\Losing Weight _ Healthy Weight, Nutrition, and Physical Activity _ CDC.pdf",General Health and Nutrition
"PDFs\Menstrual Cramps (Dysmenorrhea)_ Symptoms, Causes, Treatment, Prevention.pdf",Menstruation
PDFs\Pregnancy Center - WebMD,Fertility
"PDFs\Weight Training_ Exercises, Safety, and More",General Health and Nutrition
PDFs\Food & Nutrition.pdf,General Health and Nutrition
PDFs\50 Foods That Are Super Healthy.pdf,General Health and Nutrition
PDFs\Menstrual Health and Hygiene.pdf,Menstruation
PDFs\Menstrual Hygiene Management _ WaterAid Pakistan.pdf,Menstruation
